{
	"v5.10.2 - xxxxx, xxth. 2021": {
		"Features": [],
		"Fixes": [],
		"Changes": []
	},
	"v5.10.1 - June, 25th. 2021" : {
		"Features": [],
		"Fixes": [
			"Fix stock market total value not showing. - Sashank999",
			"Use correct Cruise Line company name. - Sashank999",
			"Fix TornStats error handling and caching while it shouldn't. - DKK",
			"Fix stock market filter not working properly when you have a panel selected. - DKK",
			"Add some minor error handling in hopes of the profile page breaking less. - DKK"
		],
		"Changes": []
	},
	"v5.10 - June, 3rd. 2021": {
		"Features": ["Added toggle to hide stakeout on profile page. - hvr-lust"],
		"Fixes": [
			"Apply proper rounding on the racing winning rate. - Sashank999",
			"Fix max buy on mobile. - DKK",
			"TT Settings sidebar link not going down when hosped or jailed. - Sashank999",
			"Fix probability calculation in HiLo helper. - smikula",
			"Various tweaks to dark mode. - Allo",
			"Fix attack timeout alert. - Sashank999",
			"Fix chat features. - Sashank999"
		],
		"Changes": [
			"Disable loot timers on mobile devices. - Sashank999",
			"Change notification bar links. - DKK",
			"Show new lingerie store specials. - Oran",
			"Implement timeout on requests. - DKK"
		]
	},
	"v5.9 - May, 2nd. 2021": {
		"Features": [
			"Filter faction members by position. - Sashank999",
			"Battle Stat on Attack Page. - Sashank999",
			"Aliases for users in Chatboxes and Userlists. - Sashank999",
			"Win Percentage on Racing Upgrades. - Sashank999",
			"Faction filter in Abroad. - Sashank999",
			"Highlight properties if upkeep is due. - Sashank999",
			"Display NPCs Loot info on Sidebar. - Sashank999"
		],
		"Fixes": [
			"Solve duplicate items on the map being ignored. - DKK",
			"Fix showing hidden portfolio stocks. - Sashank999",
			"Completed Education Courses not dimming. - Sashank999",
			"Improve city finds alignment on Mobile. - Sashank999",
			"Don't warn when education course and bank investment are completed during travel. - Sashank999",
			"Fix travel count not being correct. - Sashank999",
			"Chat highlight not working. - Sashank999",
			"'fill max' not appearing on mobile. - Sashank999",
			"Warn to check user faction chat when chain is near to bonus hit. - Sashank999",
			"Add numbers to faction member list. - Sashank999",
			"TT Settings in Dark Mode. - Sashank999",
			"Racing upgrades not appearing. - DKK",
			"Fix hospital filter being broken on tablet mode. - DKK",
			"Filters on Stocks 3.0. - Sashank999",
			"Fix Faction Enhancements on mobile. - Sashank999",
			"All items filters not working abroad. - Sashank999",
			"Hide userinfo rows on the faction filter. - DKK"
		],
		"Changes": [
			"Dark Mode for TornTools. - Sashank999",
			"Show travel table while racing. - Sashank999",
			"Show faction filter always when on Jail page. - Sashank999"
		]
	},
	"v5.8 - March, 25th. 2021": {
		"Features": [
			"Add Revives Skill to profile stat comparison table. - Sashank999",
			"Export faction upgrade challenge contributions as CSV. - Sashank999",
			"Add an arrow for folding Faction Description. - Sashank999",
			"Show warning when taking Xanax while the user is already at 1000E. - Sashank999",
			"Add setting to hide some portfolio and stock blocks. - Sashank999",
			"Add Hospital filter to show only revive-enabled players. - Sashank999",
			"Show net total on casino statistics. - Sashank999",
			"Add Search in TT Preferences page. - Sashank999",
			"Warning when user if about to fly but education or bank investment or both would timeout before return. - Sashank999",
			"Show a timer between posts in trade chat. - Sashank999"
		],
		"Fixes": ["Battle stat disappeared from profile when sending user money. - Sashank999", "Fix HighLow helper not working. - Sashank999"],
		"Changes": ["Add setting for 'Show flight times before flying'. - Sashank999", "Update to new beta TS API. - Sashank999"]
	},
	"v5.7 - February, 11th. 2021": {
		"Features": [
			"Add option to export War Report as CSV. - Sashank999",
			"Show end time of Wars on faction pages. - Sashank999",
			"Show employee effectiveness in red if has negatives in effectiveness. - Sashank999",
			"Show total price to buy an item in bazaar. - Sashank999"
		],
		"Fixes": [
			"Don't show the attack warning on attack logs. - Sashank999",
			"Fix achievements section not showing. - Sashank999",
			"Show a warning when you try to train while stacking. - Sashank999",
			"Fix an interaction between chrome, torn tools, the faction page, that would cause chrome to suggest addresses in the chat box. - WizardRubic",
			"Fix 'fill max' button not working in bazaar. - Sashank999"
		],
		"Changes": [
			"Only highlight chain timers over a configurable amount. - Sashank999",
			"Add 'I'm Chaining' button to stop warning for 30 minutes on Attack Page. - Sashank999"
		]
	},
	"v5.6.1 - January, 29th. 2021": {
		"Fixes": [
			"Fix notes showing in the wrong location. - DKK",
			"Fix mission hints not showing. - DKK",
			"Fix Achievements Section not closing properly. - Sashank999",
			"Add tt_itemprice & tt_itemid to URL not working in bazaar when right clicked. - Sashank999"
		]
	},
	"v5.6 - January, 27th. 2021": {
		"Features": [
			"Disable gym highlight. - Sashank999",
			"Show energy gains from cans. - Sashank999",
			"Show a warning when you try to attack while stacking. - Sashank999",
			"Highlight chain timer when it's under a minute. - Sashank999",
			"Show happy gains from candy. - Sashank999",
			"Show nerve gains from alcohol. - Sashank999",
			"Show education course finish time. - Sashank999",
			"Show investment finish time. - Sashank999"
		],
		"Fixes": ["Fix full faction description not working. - Sashank999"],
		"Changes": ["Update Love Juice information to reflect the new change. - DKK", "Add ELO stat to stat list. - DKK"]
	},
	"v5.5 - January, 19th. 2021": {
		"Features": ["Show missing flowers and plushies in the inventory. - Sashank999", "Disable some casino games. - Sashank999"],
		"Fixes": ["Use the new Torn classes. - Sashank999", "Solve some problems regarding the new class names. - DKK"],
		"Changes": ["Add ISO date formatting. - DKK", "Switch to new YATA domain. - DKK", "Update company specials. - DKK"]
	},
	"v5.4 - January, 12th. 2021": {
		"Features": [
			"Show total Portfolio Value. - Sashank999",
			"Allow chat filtering for people with recent interactions. - Sashank999",
			"Show age as words. - Sashank999",
			"Hide completed education courses. - Sashank999",
			"Disable Attacks on allies. - Sashank999",
			"Warning on Bugs & Issues subforum. - Sashank999",
			"Show total value of properties besides their name. - Sashank999"
		],
		"Fixes": ["Use the new Torn classes. - DKK"]
	},
	"v5.3.5 - December, 16th. 2020": {
		"Fixes": ["Fix armory shortening. - Mephiles"],
		"Changes": ["Remove proxy support. - DKK"]
	},
	"v5.3.4 - November, 29th. 2020": {
		"Fixes": [
			"Update 'Rising Costs' hint. - DKK",
			"Fix an issue with an old rank name. - h4xnoodle",
			"Add safety measure for faction filter when your computer clock is out of sync. - DKK",
			"Fix wrong Piercing Weapons achievement 2,500 goal. - Mephiles",
			"Fix trade logs showing money values for comments. - Mephiles",
			"Fix trailing \".0,000,001\" issues in trade calculations. - Mephiles"
		]
	},
	"v5.3.3 - November, 11th. 2020": {
		"Fixes": [
			"Fix TT not working on a popped out poker window. - DKK",
			"Fix travel table not loading while in Torn. - Fogest",
			"Backport v6 left align to solve news ticker not left aligning. - DKK"
		]
	},
	"v5.3.2 - November, 6th. 2020": {
		"Fixes": [
			"Break the travel table less often when flying back from a country with spaces. - Fogest",
			"Don't include your api key to YATA's API. - DKK",
			"Stop hammering YATA's API when a YATA error occurred. - DKK"
		],
		"Changes": ["Switch to YATA's v1 abroad API. - Fogest"]
	},
	"v5.3.1 - November, 2nd. 2020": {
		"Fixes": [
			"Fix Achievement check by including medals/honors. - finally",
			"Fix 'Three-peat' mission hint. - smikula",
			"Fix loading issues on the russian roulette and calendar pages. - DKK",
			"Fix 'Frenzy' and 'A Thor Loser' mission hints. - DKK",
			"Show correct stalemate count for achievements on the mission page. - DKK",
			"Fix 'Tree Huggers' mission hint. - kontamusse"
		],
		"Changes": [
			"Make left align also work on the popout poker. - DKK",
			"Remove travel map auto country select. - DKK",
			"Switch to YATA's v1 loot API. - DKK"
		]
	},
	"v5.3 - October, 16th. 2020": {
		"Features": ["Add popup mute button. - finally", "Add forum enhancements, hide posts/threads, copy post for discord. - finally"],
		"Fixes": [
			"Fix item page crashing when the opening items too fast. - DKK",
			"Fix rare condition where the database isn't loaded properly. - finally",
			"Solve FontAwesome issues by switching to the CSS version again. - finally"
		],
		"Changes": []
	},
	"v5.2.1 - October, 13th. 2020": {
		"Fixes": [
			"Fix level filter abroad. - finally",
			"Fix item market market value highlight settings. - DKK",
			"Add FontAwesome as JavaScript instead of CSS. - DKK"
		],
		"Changes": ["Make nuke family permission optional. - DKK"]
	},
	"v5.2 - October, 11th. 2020": {
		"Features": [
			"Auto-complete usernames in chat. - finally",
			"Show bars in the icon. - finally",
			"Add revive option for Nuclear Central Hospital. - Mephiles"
		],
		"Fixes": [
			"Properly display item values for weapons and other single items. - DKK",
			"Fix chain notifications going out too early. - DKK",
			"Fix icon margin on dynamic change. - finally",
			"Fix hide chat hidden by chats. - finally",
			"Update 'Critical Education' mission hints. - DKK",
			"Fix stakeouts not working. - finally",
			"Fix travel profit calculation while flying. - finally"
		],
		"Changes": [
			"Added sell points award and refill award trackers. - wootty2000",
			"Added Shop to 'ignore max buy in bazaars' option. - Mephiles",
			"Remove 'requires faction API access' description from Advanced OC option. - Mephiles",
			"Improve entry script loading times. - DKK",
			"Added item count to City Items value. - Mephiles",
			"Allow stakeouts on hospital status. - finally",
			"Change the notification system. - finally",
			"Make notifications work in the background. - DKK",
			"Added a setting to hide the 'Toggle Chat' button. - smikula"
		]
	},
	"v5.1.2 - October, 1st. 2020": {
		"Fixes": ["Show right temporary total value. - DKK", "Improve mobile checking on Firefox, fixing the loading issue. - DKK"],
		"Changes": ["Improve mission information for several missions. - DKK", "Update FontAwesome. - DKK"]
	},
	"v5.1.1 - September, 26th. 2020": {
		"Changes": ["Change watchlist export to stakeouts. - DKK"]
	},
	"v5.1 - September, 24th. 2020": {
		"Features": [
			"Remove zalgo text from chat. - DKK",
			"Add specials info on company pages. - Mephiles",
			"Highlight energy and nerve when their respective refills haven't been used yet. - DKK",
			"On the item market, highlight items under their market value. - DKK",
			"Show last action in the mini profile. - DKK",
			"Add mid-drug cooldown notification. - DKK",
			"Add filtering and sorting for items abroad. - DKK",
			"Add no confirm on trades. - DKK"
		],
		"Fixes": [
			"Don't cache stats estimates if they are disabled on profiles. - DKK",
			"Fix settings messages. - DKK",
			"Fix target table when there are no targets. - DKK",
			"Fix multiple mission hints. - DKK",
			"Fix missions for the Anonymous agent. - DKK",
			"Fix mission hints not showing when changing agents, accepting or completing a mission. - DKK",
			"Fix the demo automatically opening and the markings when changing your api key on the API page. - DKK",
			"Fix the energy warning while abroad when you already spent that energy. - DKK",
			"Detect mobile based on width instead of elements. - Mephiles",
			"Don't show DoctorN NNB values if 'Force TT' has been enabled. - DKK",
			"Improve medal and honor completion check so it doesn't show completed ones as non-completed. - DKK"
		],
		"Changes": [
			"Improve stats estimates caching. - DKK",
			"Add an option to only show stats estimates under a certain level. - DKK",
			"Improve missing mission information message. - DKK",
			"Add an option to disable extension checking. - DKK",
			"Show stakeout list in the popup. - Mephiles",
			"Prevent accidental loss of settings when you have unsaved settings. - DKK",
			"Change chain notifications to seconds instead of minutes. - DKK"
		]
	},
	"v5.0.1 - September, 11th. 2020": {
		"Fixes": ["Fix trade open chat on Firefox. - DKK"],
		"Changes": ["Add an option to disable stats estimates on competition page. - DKK", "Add an option to not show the cached only text. - DKK"]
	},
	"v5.0 - September, 10th. 2020": {
		"Features": [
			"Show an estimate of an user battle stats on various pages. - DKK",
			"Show forecast and available worth along with a filter on the stock page. - DKK",
			"Show faction balance excess. - DKK",
			"Show user balance upon selecting their name on the give cash window. - DKK",
			"Show warnings if your cooldowns are ending during your flight. - DKK",
			"Remove confirmation buttons for the item market, revives and item equipping. - DKK",
			"Show stat requirements for specialty gyms. - DKK",
			"Add a button to open chat in trades. - DKK",
			"Show individual price of an sold item or share on the event page on hover. - DKK",
			"Make energy and nerve clickable to open their respective pages. - Mephiles",
			"Add Landing time to Travel page. - Mephiles",
			"Show mission hints and tips. - DKK",
			"Show banking investment table. - DKK",
			"Show a link to a computer while travelling if you don't have a laptop. - DKK",
			"Add an option to hide quite/leave buttons. - DKK",
			"Add personal notes on profiles. - wootty2000"
		],
		"Fixes": [
			"Don't apply the last action filter on other faction pages. - DKK",
			"Don't break the profile page if a profile section is turned off. - DKK",
			"Allow dragging links to the chat again. - DKK",
			"Show proper cons for Vicodin and Xanax. - DKK",
			"Fix achievements update time showing wrong time. - Mephiles",
			"Always show Recommended NNB in the right table. - DKK",
			"Fix showing item value (which also broke max buy and YATA updating). - DKK",
			"Hide item highlighting when closing the container if the setting is enabled. - DKK",
			"Fix advanced OC information not showing after starting and replanning an OC. - DKK",
			"Fix TornTools not loading on the poker page. - DKK",
			"Show the travel table more consistent. - DKK",
			"Show the gym information in jail gym. - DKK",
			"Fix faction short news. - wootty2000"
		],
		"Changes": [
			"Change the caching system to allow for different times to keep it for. - DKK",
			"Update the profile view to not completely fail upon any api error. - DKK",
			"Sync the 15 minute updater to the stock ticks. - DKK",
			"Ignore punctuation marks for word highlighting. - DKK",
			"Include money value and stocks in trade value. - DKK",
			"Add a way to ignore cash on hand for max buy in bazaar. - DKK",
			"Include a link to the OC in the information window. - Mephiles",
			"Allow import and export via text. - Mephiles",
			"Add more special filters for factions, search and overseas. - Mephiles",
			"Only allow usable items to be added to Quick Items. - DKK",
			"Reduce API fetches to reduce stress on API servers. Split userdata to Essential and Basic. - Mephiles",
			"Shorten some mission numbers even more to let it fit the box. - DKK",
			"Remove links from Achievement cells. - Mephiles",
			"Adjust minimal 'show more'-button height on profiles. - DKK",
			"Show illegal product crimes achievements. - DKK",
			"Combine event and messages notifications if there are multiple. - DKK",
			"Improve the racing helper. - DKK",
			"Add preset custom links. - DKK",
			"Show full faction description for other factions too. - DKK",
			"Change the profile show more/less button. - DKK",
			"Show trade value also for finished trades. - DKK",
			"Add a limit of 10,000 for bazaar max buy. - DKK",
			"Add a limit to flying items. - DKK",
			"Add link to target on target page. - DKK",
			"Add last attack date on target page. - DKK",
			"Show market value on blood bags if highlighting is enabled. - wootty2000",
			"Added option for Travel Destination to default to the last selected. - wootty2000",
			"Added education award tracker. Moved dump and bounty award trackers. - wootty2000 "
		]
	},
	"v4.10.2 - August, 19th. 2020": {
		"Fixes": ["Fix OC data not updating. - Mephiles"]
	},
	"v4.10.1 - August, 16th. 2020": {
		"Fixes": ["Fix Notifications not appearing on Firefox. - Mephiles"]
	},
	"v4.10 - August, 14th. 2020": {
		"Features": [
			"Add OC timer to Information window - Mephiles",
			"Add Chain timer notification - Mephiles",
			"Add New Day notification - Mephiles",
			"Add highlighting for your own OC - DKK",
			"Add option to hide Areas links - Mephiles",
			"Add Chain count notification - Mephiles",
			"Add a Connect button to Torn Preferences page - Mephiles",
			"Add option to change Chat Font size - Mephiles",
			"Add support for Torn Proxy (you API key is still needed for fall-back if Proxy system fails) - Mephiles"
		],
		"Fixes": [
			"Fix Quick Items failing to load if an item has 0 quantity - Mephiles",
			"Fix Profile script failing if player is not in a faction - Mephiles",
			"Add missing keywords for Faction armory news shortening script - Mephiles",
			"Fix Calculator popup gear icon not working - Mephiles",
			"Fix Gym Estimate progress being off by 1 gym - Mephiles",
			"Fix Quick Crimes/Items not working on some browsers - DKK",
			"Fix 'add api key' page loading in Popup when API key has been inserted - Mephiles",
			"Fix Quick Bail/Bust not loading on pagination change - Mephiles"
		],
		"Changes": [
			"Add option to dismiss notifications rather than open the relevant page - Mephiles",
			"Add option to display your own vault value in Information window (indicated by *) - Mephiles",
			"Make Travel Destinations table available while flying - Mephiles",
			"Add Data usage estimate on Firefox - DKK",
			"Allow whole numbers and percentages simultaneously for bar Notifications - Mephiles",
			"Change userdata fetch from 15sec to 30sec to cut down on unnecessary API calls - Mephiles",
			"Set 'Force TornTools' setting as default - DKK",
			"Make Travel Table update automatically - DKK",
			"Change 'Hide chats' icon - DKK",
			"Recode Settings page logic - Mephiles",
			"Rework how Importing/Exporting works - Mephiles",
			"Disable Item Market links on Mobile view - Mephiles",
			"Add option to display relative values on Profile Stats - Mephiles",
			"Add sorting capability for Profile chosen stats - Mephiles",
			"Add images to Travel Table items - Mephiles",
			"Disable Watch List option to avoid confusion (will be added in future updates) - Mephiles",
			"Switched Travel Table items category options to checkboxes to allow different combinations - Mephiles",
			"Changed fetching to be more consistent & to reduce load on YATA - Mephiles"
		],
		"Other": [
			"Add 'Open Source' disclaimer to Github Readme - Mephiles",
			"Update the Privacy Policy for TornTools - Mephiles",
			"Add 'Development focus' section to Github Readme - Mephiles"
		]
	},
	"v4.9 - July, 29th. 2020": {
		"Features": [
			"Highlight good and bad blood bags on the item page and faction armory - DKK",
			"Add a way to hide all chats - DKK",
			"Add option to make Areas section collapsible - Mephiles",
			"Add sortability option for Profile sections - Mephiles",
			"Add exporting/importing for TornTools settings - Mephiles",
			"Add Quick Bail & Bust and Scores - Mephiles"
		],
		"Fixes": [
			"Fix DoctorN detection not accounting disabled setting - Mephiles",
			"Fix the buy max abroad to take already bought items into account - DKK",
			"Format rehab cost as currency - DKK",
			"Fix gym hiding not working after switching to another gym - DKK",
			"Fix item value and item market links not showing when scrolling through your items - DKK",
			"Fix API history cleaning to stop storage build-up - Mephiles",
			"Fix NPC loot notifications Text-To-Speech saying 'meter' instead of 'minute' - Mephiles",
			"Fix Gym Graph old data issue - Mephiles",
			"Adjust Faction filter to Torn's new layout - Mephiles",
			"Fix Company users' info not appearing - Mephiles",
			"Fix Torn's data fetch not running correctly - Mephiles",
			"Fix Achievements' tooltip appearing at the bottom of the page - Mephiles",
			"Fix Faction announcement 'full page' option not loading when Chain tab was open - Mephiles",
			"Fix Faction armory filter not loading for Mobile - Mephiles",
			"Block Quick Items doubles - DKK",
			"Fix Quick Items item dragging - DKK",
			"Adjust Profile script to Torn's layout changes - DKK",
			"Fix Badge issues - DKK",
			"Fix Faction armory news - DKK",
			"Fix Gym stats updating not showing all improved stats - Mephiles",
			"Fix Travel Agency page artifacts on Mobile - Mephiles"
		],
		"Changes": [
			"Add a loading icon for networth on the Home page - Mephiles",
			"Change popup entry point to improve speed - Mephiles",
			"Decrease item quantity in Quick Items when sending or using an item - DKK",
			"Improve containers' design - DKK",
			"Show faction member information for other factions - DKK",
			"Add an option to disable all notifications - DKK",
			"Add placeholders to chat highlights - DKK",
			"Highlight keywords in chats - DKK",
			"Make Networth fetching regular (10min interval) - Mephiles",
			"Redesign Achievements' tooltip - Mephiles",
			"Add link to Torn to Info popup's location text - Mephiles",
			"Improve overall system performance and stability - DKK",
			"Improve Preferences page design - Mephiles",
			"Enable Gym graph on Mobile - Mephiles"
		]
	},
	"v4.8": {
		"Features": [
			"Added Vault balance to Torn Information window",
			"Added option to disable individual Gym stats training",
			"Added Item Market links to Items",
			"Added Faction Armory filter to hide items that are Unavailable",
			"Show item quantities for Quick Items",
			"Added basic statistics about Torn's API fetches made by TornTools",
			"Added Crimes stats to Profile Stats"
		],
		"Fixes": [
			"Remove LastPass icon from chat 'Find' field",
			"Enabled Update TornStats button on mobile Gym page",
			"Fixed displaying Faction Member info when honors are turned off",
			"Fixed and redesigned Filters for Hospital, Jail, Faction, Player search, Bounties, Overseas player list (all enabled on Mobile now)",
			"Fixed 'view full page' when visiting other Factions",
			"Added option to disable 'find' feature in chat",
			"Removed duplicates from Profile Stats",
			"Fixed Market Tab searching - Thanks DKK",
			"Fixed OC Recommended NNB display when DoctorN is enabled - Thanks DKK",
			"Fixed Gym Estimated Energy script when unlocking the last gym",
			"Fixed Mobile content overflow",
			"Fixed search bug in Stocks popup",
			"Fixed Firefox notification links not working",
			"Fixed chain timer inaccuracy in Info popup",
			"Removed an extra HR from Clean travel page",
			"Fixed Gym script failing to load completely when All gyms were unlocked",
			"Fixed Crimes script running when page was blocked",
			"Fixed TornStats NNB visual issue",
			"Fixed Market tab not showing prices if either bazaar or itemmarket had 0 listings",
			"Fixed Info popup Events & Messages links stacking up"
		],
		"Changes": [
			"Disabled Profile Stats for your own profile",
			"Improved TornTools containers' design",
			"Containers now remember their last position",
			"Added alternative way of adding Quick Crimes & Items in case dragging fails to work",
			"Made Navigation Bar TornTools sections collapsible",
			"Added EDIT button to add/remove Profile Stats to eliminate accidental moving",
			"Removed Text-To-Speech from permissions (still usable)",
			"Improved Travel Destinations table. Clicking on Country filters affects the map and vice-versa",
			"Added link to TornTools preferences to Torn's Settings page",
			"Removed options for DoctorN in settings. Auto-detection is enabled for Chrome and Firefox - Thanks DKK",
			"Adjusted 'buy' button position to reduce misclicking"
		],
		"API SYSTEM CHANGES": [
			"Networth info is only fetched when visiting Home page with a cache time of 5 minutes",
			"Stocks data is fetched every 15 minutes",
			"Torn's data & OC info is fetched every 24 hours"
		]
	},
	"v4.7": {
		"Features": [
			"Added detailed info about Drugs on Items page & Faction armory",
			"Added option to display full Announcements & Info containers on Faction page",
			"Added option to enable Text-To-Speech for notifications",
			"Added option to show Bazaar Value",
			"Added option to show Faction Armory Value (does not take into count Cesium)",
			"Added option to clean Flight page",
			"Added option to show 'respect to go' info for Faction Upgrades",
			"Added item highlighting when going from Item Market to someone's Bazaar",
			"Added 'find' feature for chat boxes",
			"Added option to display details about Faction members including Inactivity alerts (requires Faction API access)",
			"Added option to display details about Company members including Inactivity alerts",
			"Added 'members available' info for OCs",
			"Added recommended NNB info for OCs",
			"Added links to notifications"
		],
		"Fixes": [
			"Turned all container arrows the right way",
			"Fixed Info popup failing for Firefox when Traveling",
			"Fixed OCs opening when their status was not Ready",
			"Fixed Info popup failing to load when no booster cooldown",
			"Fixed notifications repeating after 15 minutes. Changed time to 24 hours",
			"Fixed empty space on Mobile while Traveling",
			"Fixed events and message Notifications not respecting preferences",
			"Fixed script info stacking on Faction Crimes page",
			"Fixed 12hour formatting showing time as 00:30 AM rather than 12:30 AM",
			"Fixed Stakeouts continuing requests if user was no longer watched",
			"Fixed TTS working even when disabled",
			"Fixed Profile Stats view for Mobile users",
			"Added all Profile Stats keys as normal text - Thanks Allo"
		],
		"Changes": [
			"Moved 'TornStats NNB', 'recommended NNB', 'auto-open OCs', 'show available member count' under single option: 'OC Advanced'",
			"Made API marking optional (default: false)",
			"Changed Notification cache to 7 days",
			"Split up API settings",
			"Re-designed Gym container to show progress from last update",
			"Re-designed Profile Stats page to display Spy info",
			"Profile script now takes into count if DoctorN is installed",
			"Slightly improved Settings page design"
		],
		"Notifications": [
			"Switched notification system to allow clicking notifications to open Torn. Firefox users need to manually allow notifications on Preferences page"
		]
	},
	"v4.6": {
		"Discord": ["Join the Discord (https://discord.gg/ukyK6f6) to report bugs, give suggestions or just chat"],
		"Features": [
			"Added option to automatically open OCs that are ready to initiate (all players are Okay)",
			"Added Natural Nerve Bar info to OCs (powered by TornStats)",
			"Added option to display acronyms on Stock Exchange page",
			"Added links to Stocks popup stock names"
		],
		"Fixes": [
			"Fixed Bounty Filter not working well with DoctorN",
			"Fixed TornStats integration not working on Firefox",
			"Fixed Notifications for events, messages, X minutes until landing, X minutes until out of hospital, Stakeouts, NPC loot times (notifications will repeat every 15minutes if time is over 15minutes)",
			"Fixed Quick Crimes failing to load sometimes",
			"Fixed Global Scripts (like chat filter) not running when traveling",
			"Fixed Travel Bar showing negative values in Info popup",
			"Fixed Faction Armory simplification double username. Added keywords 'lent', 'retrieved', 'returned'"
		],
		"Changes": [
			"Hopefully increased popup load speed",
			"Improved layout and functionality of Travel Table. Filters work together now and save automatically"
		],
		"MOBILE": [
			"Show Custom Links for mobile",
			"Disabled Notes section for mobile",
			"Fixed Effective Battle Stats table for mobile",
			"Disabled Achievements for mobile",
			"Disabled Gym Graph on mobile",
			"Fixed Item Values for mobile",
			"Fixed Mission Values for mobile",
			"Disabled Jail, Hospital, Faction filters for mobile (fill be re-added when fixed)",
			"Fixed Profile Stats design for mobile"
		]
	},
	"v4.5": {
		"Features": [
			"Added Update TornStats button to Gym graph",
			"Added option to add notifications for X minutes left in hospital & landing in X minutes",
			"Added Bounty Filter to newspaper",
			"Added Stakeouts to profiles"
		],
		"Fixes": [
			"Fixed Gym graph labels not using commas",
			"Fixed Chain timer in Info popup not appearing",
			"Fixed Gym script not loading for players who have unlocked all gyms"
		],
		"Changes": ["Improved design of Info popup (removed unnecessary text & made 'update' text smaller)", "Improved Player Stats readability"]
	},
	"v4.4": {
		"Features": [
			"Added percentages to Energy, Nerve, Happy, Life notifications",
			"Added Player Stats to Profile pages. To use, you need to have a TornStats account (https://www.tornstats.com/)",
			"Added Paypal donation button to Settings -> About page",
			"Added Fill Max button to Travel Market",
			"Added Gym Stats graph to Gym page. To use, you need to have a TornStats account ((https://www.tornstats.com/)"
		],
		"Fixes": [
			"Disabled Chat Highlighting when DoctorN is installed and TornTools is not forced",
			"Disabled Quick Crimes & Quick Items if DoctorN is installed and TornTools is not forced",
			"Fixed Info popup showing only 0 messages & events"
		],
		"Changes": [
			"Added nerve indicator to Quick Crimes",
			"Shop fill max takes into count the 100 item limit",
			"Shop & bazaar fill max take into count user's money",
			"Made Info popup bars a bit brighter and removed 'Status:' text",
			"Disabled simplified header for Info popup",
			"Added time of landing to Info popup travel bar",
			"Updated API info (Profile Stats makes 1 request to Torn's API and 1 to TornStats' API (max 25/minute))"
		]
	},
	"v4.3.1": {
		"Fixes": ["Fixed Quick Crimes not appearing if user had 0 Quick Items", "Fixed Quick Items drag not working on Firefox"]
	},
	"v4.3": {
		"Features": [
			"Added Notes section to Navigation bar",
			"Added Fill Max button to city shops & bazaars",
			"Added Player filters to Faction Info page, Jail page & Hospital page",
			"Added Country filter to Travel Destinations table & made legend collapsible",
			"Added Badge notifications for Events & Messages",
			"Added Chain cooldown timer to Info popup"
		],
		"Fixes": [
			"Hopefully increased loading speeds for popups",
			"Fixed double notifications for some messages & events",
			"Fixed container collapse bubbling when loading site (changes are set before loading the container)",
			"Fixed Museum set message disappearing because of Upgrade button hide script",
			"Fixed ERROR badge flashing for some users",
			"Fixed Energy Estimate script on Gym page for users who have company special (+30% experience gain)",
			"Fixed Quick crimes",
			"Fixed People list breaking overseas because of the Item profits script",
			"Fixed Quick items not dragging well"
		],
		"Changes": [
			"Simplified links design in popups to reduce clutter",
			"Separated Trade Item values & Total value to two different options to permanently disable item values",
			"Removed 'Location:' text from Info popup"
		],
		"Thanks - RockyRoxanne [2282703]": [
			"Changed bar colors in Info popup",
			"Added option to Align Torn to left",
			"Added Happy reset timer to Info popup",
			"Improved design of Preferences page (slightly increased white space around sections and made container bigger)",
			"Added Messages section to Info popup",
			"Added links to Info popup messages & events",
			"Added Travel bar to Info popup"
		]
	},
	"v4.2": {
		"Features": [
			"Added Info tab popup to display bars, money, events, cooldowns",
			"Added Estimated Energy progress to Gym (based on estimated goals in wiki and percentage to next gym on Gym page)",
			"Added notifications for new Events, Messages, Education finish, Cooldown end, Traveling, Bars full, Status change",
			"Added update-available notifier with instructions to manually update on About page",
			"Added option to hide Level Upgrade info (button and info on Home page)",
			"Added item type sorting to Travel Destinations table",
			"Added option to disable item highlighting on City Map if TornTools container is close (similar to DoctorN)",
			"Added option to open Custom Links on same page",
			"Added back Stock Search function",
			"Added option to hide item values on Trade view to allow copy-pasting for traders",
			"Added option to hide icons in navigation sidebar",
			"Added Quick items & crimes (might be a bit buggy, let me know)"
		],
		"Fixes": [
			"Fixed ERROR text not disappearing after API comes back online",
			"Fixed Chat Highlight not updating when sending a message",
			"Fixed Armory log script not working when waited too long",
			"Improved load times of scripts",
			"Fixed Battle Stats NaN errors"
		],
		"Changes": [
			"Changed Networth comparing to Torn's own last known networth (the one shown under General Information)",
			"Reformatted how Target List is updated. Removed the optional request.",
			"Changed Travel Destinations table columns order",
			"Removed 'remove info boxes' script completely"
		],
		"IMPORTANT": [
			"Refactored how info is fetched from Torn. Total requests raised to 7 per minute to keep TornTools up-to-date with user's status, bars etc. for Info popup & notifications"
		]
	},
	"v4.1": {
		"Fixes": [
			"Fixed bug that halted all extension's process",
			"Fixed DoctorN check not working correctly",
			"Fixed Mail Me link in settings - Thanks KenDoll[2235541]",
			"Fixed UAE travel achievement"
		]
	},
	"v4.0 - Taking over": {
		"Features": [
			"Added option to force TornTools over DoctorN where possible",
			"Added custom Links to navigation panel",
			"Added Item Stock into Travel Destinations table (replaced flight time) - Powered by YATA",
			"Added option to collapse TornTools containers (clicking on the heading works too)",
			"Added option to show user's status indicator next to their name (page heading)",
			"Added Stocks price notifications (can set under stocks tab)",
			"Added an error badge to extension icon if API is down",
			"Added alerts for NPC loot times",
			"Added a button to clear target list data",
			"Added Chat Highlighting"
		],
		"Fixes": [
			"IMPORTANT: Torn changed the formatting of dates in Vault transactions. Adjusted TornTools with that. (CLICK save to update the database with the latest correct date)",
			"Fixed Vault not updating User's shares when looping through old transactions",
			"Fixed API errors not appearing on Stocks page",
			"Fixed DoctorN always set as False on Firefox (set using/not using under settings)"
		],
		"Changes": [
			"Removed Hospital from 'remove info boxes' script",
			"Simplified container headings (removed TornTools text)",
			"Further improved design of City Items",
			"Improved design of tables on Settings page (NPC Loot, Friendly Fire, Custom links)",
			"Improved design of Settings page in smaller windows",
			"Added current API key preview in Change API key input"
		]
	},
	"v3.8.3": {
		"Fixes": ["Added confirmation message when changing your API key", "Fixed API online set to false when other API errors"]
	},
	"v3.8.1": {
		"Fixes": ["Fixed \"Remove info boxes on some pages\" option not disabling"]
	},
	"v3.8": {
		"Features": [
			"Added an Alternative Theme option (black background and green text)",
			"Added Disk Space Used info under About page (Chrome only)",
			"Added Date and Time formatting options (Added formatting to: Networth details)",
			"Added option to Remove Info Boxes that are unnecessary on some pages",
			"Added 'last updated' info icon for live Networth on Home page"
		],
		"Fixes": [
			"Hopefully fixed sometimes appearing slow popup window switch",
			"Fixed Trade Calculator showing incorrect total value",
			"Fixed Allies not saving"
		],
		"Changes": [
			"Removed some duplicated achievements (Items: Bazaar Customers, Points sold (both under Home page now))",
			"Moved Stock Payouts achievement to Home page (previously under Items)",
			"Changed Preferences' section positions",
			"Improved the design of City Items (hovering on an item in the list now reveals it on the map also)",
			"Updated icons (Settings, Portfolio, Search icon)"
		],
		"Credits and Thanks to Lugburz [2386297]": [
			"Added NPC loot times",
			"Added OC finish times",
			"Added Faction Armory simplification",
			"Licensed my extension under the GNU General Public License"
		]
	},
	"v3.7": {
		"Features": [
			"Added a Travel Destinations table to Travel Agency page",
			"Accidentally added features in last update: Effective Battle Stats on Home page, Item profits in Travel Market, Item values on Items page",
			"Added option to reformat Profile headings as USERNAME [ID]",
			"Added option to Export Chain Report as CSV"
		],
		"Fixes": [
			"Added options for settings: Effective Battle Stats, Item profits in Travel Market, Item values on Items page",
			"Fixed issue where Accessory pictures were blocking vision of HiLo suggested action (I prevented any items from appearing on screen)",
			"Fixed disabling Gym buttons as clicking them still used energy before",
			"Fixed issue where disabling/enabling Gym buttons would clear preferences",
			"Fixed issue where Effective Battle Stats would show NaN",
			"Fixed Live Networth not showing if there are no details to show",
			"Fixed HiLo multiple suggestions appearing"
		],
		"Changes": [
			"Improved design of Settings page",
			"Changed the structure of Local Database (You might need to check your settings)",
			"Reduced API requests needed by 1",
			"Improved popups' designs"
		]
	},
	"v3.6.1": {
		"Features": [
			"Added new logo",
			"Added Target List to Settings page",
			"Added Blackjack and HiLo helpers to Casino",
			"Added option to disable update notifications",
			"Added option to disable Gym train buttons",
			"Added attack history info about user on Profile page",
			"Added percentage profit of items in stores (ie. 137% means that the market value is 137% of the store buy price)",
			"Added info tooltips for achievements",
			"Added detailed networth information on Home page",
			"Added bounty reward (money) achievement"
		],
		"Fixes": [
			"Fixed some broken achievements (Home: activity, networth; Items: items dumped, cannabis; Missions: defends, assists)",
			"Hide empty Awards sections"
		],
		"Changes": [
			"Improved Achievements' design",
			"Improved Missions Reward design",
			"Improved TornTools info containers",
			"Highlight new settings on Settings page",
			"Reset settings button resets extension's whole storage (except the API key)",
			"Shortened '1000' to 'k'"
		]
	},
	"v3.5": {
		"Features": [
			"Create and update a target list based on attack history. (not available for use yet; coming with next update)",
			"Moved City & Dump finds achievements to city.php",
			"Moved items bought abroad achievement to travelagency.php",
			"Added Church donations achievement to church.php",
			"Increase 'time ago' counter on achievement pages."
		],
		"Fixes": [
			"Fixed settings resetting when closing and re-opening browser.",
			"Fixed bug where Gym stats had a random comma after the decimal point. (all stats rounded down to a whole number)",
			"Fixed double update notification on profile.php on Firefox",
			"Fixed networth not showing for some users on home.php"
		]
	},
	"v3.4": {
		"Features": ["Added Fraud crimes to Crime achievements.", "Added Github link to the extension (at the bottom of the Settings page)."]
	},
	"v3.3": {
		"Features": [
			"Added more achievements on pages Home, Items, Missions, Jail, My Faction.",
			"Added Racing achievements.",
			"Fixed Racing Upgrades not showing correct values.",
			"Re-added notification when a new version of TornTools is installed."
		]
	},
	"v3.2": {
		"Features": ["Show warning on player profiles when the player is in your faction or in an ally faction.", "Show racing upgrade values."]
	},
	"v3.1": {
		"Fixes": ["Fixed the extension not updating after an API outage."]
	},
	"v3 - Long time, no see(?)": {
		"Features": [
			"I removed some features either because they were not needed anymore (Torn has them default) or they weren't worth it. (auction, bazaar, forums, mail, profile voting) Let me know of any thoughts or ideas about these.",
			"Changed the system for saving settings so don't forget to press the Save button."
		],
		"Fixes": [
			"Fixed long numbers on achievements (shortened to mil)",
			"Fixed wrong prices in Market",
			"Fixed Missions prices not appearing if the prices were split into 2 groups",
			"Fixed API page not working properly (the API key was inserted as 'unknown')",
			"Updated API request info"
		]
	}
}
