{
	"extends": "eslint:recommended",
	"rules": {
		"no-redeclare": "off",
		"no-prototype-builtins": "off",
		"no-case-declarations": "off",
		"no-async-promise-executor": "off",
		"eqeqeq": "error",
		"quotes": ["error", "double", { "avoidEscape": true }],
		"no-unused-vars": ["error", { "vars": "local" }],
		"no-empty": ["error", { "allowEmptyCatch": true }]
	},
	"reportUnusedDisableDirectives": true,
	"parserOptions": {
		"ecmaFeatures": {
			"impliedStrict": true
		}
	},
	"env": {
		"browser": true,
		"es2021": true
	},
	"globals": {
		"ACHIEVEMENTS": "writable",
		"ALLOWED_BLOOD": "writable",
		"ALL_AREAS": "writable",
		"ALL_ICONS": "writable",
		"API_SELECTIONS": "writable",
		"API_USAGE": "writable",
		"BOOK_DESCRIPTIONS": "writable",
		"CASINO_GAMES": "writable",
		"CHAT_TITLE_COLORS": "writable",
		"COLUMN_SORT_DIRECTION": "writable",
		"COMPANY_INFORMATION": "writable",
		"CONTRIBUTORS": "writable",
		"CSVExport": "writable",
		"CUSTOM_API_ERROR": "writable",
		"CUSTOM_LINKS_PRESET": "writable",
		"CUSTOM_LISTENERS": "writable",
		"Chart": "writable",
		"DEFAULT_STORAGE": "writable",
		"DRUG_INFORMATION": "writable",
		"DefaultSetting": "writable",
		"DualRangeSlider": "writable",
		"EVENT_CHANNELS": "writable",
		"FETCH_PLATFORMS": "writable",
		"FILTER_REGEXES": "writable",
		"FORUM_POST": "writable",
		"HIGHLIGHT_PLACEHOLDERS": "writable",
		"HTTPException": "writable",
		"LINKS": "writable",
		"MONTHS": "writable",
		"RANK_TRIGGERS": "writable",
		"SCRIPT_TYPE": "writable",
		"SETS": "writable",
		"SPECIAL_FILTER_ICONS": "writable",
		"Sortable": "writable",
		"StatsEstimate": "writable",
		"TEAM": "writable",
		"TO_MILLIS": "writable",
		"URLSearchParams": "writable",
		"addFetchListener": "writable",
		"addXHRListener": "writable",
		"api": "writable",
		"applyPlural": "writable",
		"attackHistory": "writable",
		"backSvg": "writable",
		"browser": "writable",
		"capitalizeText": "writable",
		"changeAPIKey": "writable",
		"checkDevice": "writable",
		"chrome": "writable",
		"clients": "writable",
		"countTimers": "writable",
		"countdownTimers": "writable",
		"createCheckbox": "writable",
		"createCheckboxDuo": "writable",
		"createCheckboxList": "writable",
		"createContainer": "writable",
		"createFilterSection": "writable",
		"createMessageBox": "writable",
		"createSelect": "writable",
		"createStatistics": "writable",
		"createTable": "writable",
		"createTableCell": "writable",
		"createTableHeaderCell": "writable",
		"createTableRow": "writable",
		"createTextbox": "writable",
		"crossSvg": "writable",
		"darkModeObserver": "writable",
		"data": "writable",
		"daySuffix": "writable",
		"defaultFactionsItems": "writable",
		"define": "writable",
		"error": "writable",
		"executeScript": "writable",
		"exports": "writable",
		"factiondata": "writable",
		"featureManager": "writable",
		"fetchData": "writable",
		"filters": "writable",
		"findContainer": "writable",
		"findItemsInList": "writable",
		"findItemsInObject": "writable",
		"findParent": "writable",
		"formatDate": "writable",
		"formatNumber": "writable",
		"formatTime": "writable",
		"formatter": "writable",
		"getBadgeText": "writable",
		"getCookie": "writable",
		"getHashParameters": "writable",
		"getItemEnergy": "writable",
		"getNextChainBonus": "writable",
		"getPage": "writable",
		"getPageStatus": "writable",
		"getPageTheme": "writable",
		"getRFC": "writable",
		"getRequiredStocks": "writable",
		"getRewardValue": "writable",
		"getSearchParameters": "writable",
		"getSpecialIcons": "writable",
		"getStockBoughtPrice": "writable",
		"getStockIncrement": "writable",
		"getStockReward": "writable",
		"getUUID": "writable",
		"getUserDetails": "writable",
		"getUserEnergy": "writable",
		"getUsername": "writable",
		"getValue": "writable",
		"getValueAsync": "writable",
		"hasAPIData": "writable",
		"hasDarkMode": "writable",
		"hasFactionAPIAccess": "writable",
		"hasFinishedEducation": "writable",
		"hasInteractionSupport": "writable",
		"hasOrigins": "writable",
		"hasSilentSupport": "writable",
		"initializeInternalPage": "writable",
		"injectXHR": "writable",
		"isAbroad": "writable",
		"isCaptcha": "writable",
		"isDefined": "writable",
		"isDividendStock": "writable",
		"isFlying": "writable",
		"isIntNumber": "writable",
		"isOwnCompany": "writable",
		"isOwnFaction": "writable",
		"isOwnProfile": "writable",
		"isSameUTCDay": "writable",
		"isSellable": "writable",
		"loadConfirmationPopup": "writable",
		"loadDatabase": "writable",
		"localdata": "writable",
		"millisToNewDay": "writable",
		"mobile": "writable",
		"module": "writable",
		"notes": "writable",
		"npcs": "writable",
		"part": "writable",
		"quick": "writable",
		"reject": "writable",
		"removeContainer": "writable",
		"require": "writable",
		"requireChatsLoaded": "writable",
		"requireContent": "writable",
		"requireElement": "writable",
		"requireFeatureManager": "writable",
		"requireItemsLoaded": "writable",
		"requireSidebar": "writable",
		"resolve": "writable",
		"rotateElement": "writable",
		"rowFaction": "writable",
		"sendMessage": "writable",
		"setBadge": "writable",
		"settings": "writable",
		"showLoadingPlaceholder": "writable",
		"sleep": "writable",
		"sortTable": "writable",
		"stakeouts": "writable",
		"storageListeners": "writable",
		"tablet": "writable",
		"textToTime": "writable",
		"tippy": "writable",
		"toClipboard": "writable",
		"toCorrectType": "writable",
		"toMultipleDigits": "writable",
		"toSeconds": "writable",
		"torndata": "writable",
		"triggerCustomListener": "writable",
		"ttCache": "writable",
		"ttStorage": "writable",
		"ttSvg": "writable",
		"ttUsage": "writable",
		"updateQuery": "writable",
		"updateReactInput": "writable",
		"userdata": "writable",
		"version": "writable",
		"xhrOpenAdjustments": "writable",
		"xhrSendAdjustments": "writable"
	}
}
