{
	"eqeqeq": true,
	"esversion": 11,
	"strict": "global",
	"unused": true,
	"varstmt": true,
	"debug": true,
	"evil": true,
	"browser": true,
	"devel": true,
	"globals": {
		"chrome": true,
		"getPageStatus": true,
		"isOwnFaction": true,
		"featureManager": true,
		"settings": true,
		"userdata": true,
		"torndata": true,
		"CUSTOM_LISTENERS": true,
		"EVENT_CHANNELS": true,
		"requireElement": true,
		"formatNumber": true,
		"fetchData": true,
		"ttStorage": true,
		"ttCache": true,
		"ttUsage": true,
		"hasAPIData": true,
		"TO_MILLIS": true,
		"createContainer": true,
		"removeContainer": true,
		"CSVExport": true,
		"URLSearchParams": true,
		"addFetchListener": true,
		"addXHRListener": true,
		"getSearchParameters": true,
		"browser": false
	}
}
